email,name,company
alex.morgan@techcorp.io,Alex Morgan,TechCorp
sarah.connor@cyberdyne.org,Sarah Connor,Cyberdyne
bruce.wayne@wayneenterprises.com,Bruce Wayne,Wayne Enterprises
clark.kent@dailyplanet.com,Clark Kent,Daily Planet
diana.prince@themyscira.gov,Diana Prince,Themyscira Global
tony.stark@starkindustries.com,Tony Stark,Stark Industries
peter.parker@dailybugle.net,Peter Parker,Daily Bugle
natasha.romanoff@shield.agency,Natasha Romanoff,SHIELD
steve.rogers@avengers.org,Steve Rogers,Avengers
barry.allen@starlabs.tech,Barry Allen,STAR Labs
